      P0,     B748
      P1,     B751
      P2,      B51
      P3,      B57
      P4,     B652
      P5,     B574
      P6,     B511
      P7,     B223
      P8,     B483
      P9,     B466
     P10,     B447
     P11,     B110
     P12,     B338
     P13,     B320
     P14,     B561
     P15,     B767
     P16,     B741
     P17,     B445
     P18,     B348
     P19,     B208
     P20,      B41
     P21,       B0
     P22,     B362
     P23,     B233
     P24,     B272
     P25,     B694
     P26,     B375
     P27,     B446
     P28,     B183
     P29,       B1
     P30,     B234
     P31,     B106
     P32,     B387
     P33,     B769
     P34,     B536
     P35,     B128
     P36,     B698
     P37,     B622
     P38,     B566
     P39,     B706
     P40,     B567
     P41,     B594
     P42,     B273
     P43,     B756
     P44,     B752
     P45,     B141
     P46,     B590
     P47,     B538
     P48,     B352
     P49,     B376
     P50,     B371
     P51,     B724
     P52,     B389
     P53,     B624
     P54,     B291
     P55,     B682
     P56,     B692
     P57,     B373
     P58,     B450
     P59,     B714
     P60,     B539
     P61,     B485
     P62,     B451
     P63,     B268
     P64,     B559
     P65,     B145
     P66,     B704
     P67,     B229
     P68,     B687
     P69,     B231
     P70,     B737
     P71,     B550
     P72,     B414
     P73,     B403
     P74,     B505
     P75,     B459
     P76,     B209
     P77,     B293
     P78,     B390
     P79,     B712
     P80,     B467
     P81,      B70
     P82,     B625
     P83,     B563
     P84,     B705
     P85,     B130
     P86,     B586
     P87,      B29
     P88,     B507
     P89,     B214
     P90,     B178
     P91,     B686
     P92,      B87
     P93,     B377
     P94,     B657
     P95,     B196
     P96,     B457
     P97,     B678
     P98,     B349
     P99,     B546
    P100,       B2
    P101,     B286
    P102,     B132
    P103,     B537
    P104,      B74
    P105,     B747
    P106,       B3
    P107,     B545
    P108,       B4
    P109,     B185
    P110,     B634
    P111,     B104
    P112,     B124
    P113,     B535
    P114,     B321
    P115,      B40
    P116,     B766
    P117,     B108
    P118,      B30
    P119,     B267
    P120,     B468
    P121,     B576
    P122,     B101
    P123,     B253
    P124,       B5
    P125,     B342
    P126,     B588
    P127,     B592
    P128,     B696
    P129,     B583
    P130,     B681
    P131,     B562
    P132,     B360
    P133,     B441
    P134,     B518
    P135,     B252
    P136,      B80
    P137,     B341
    P138,     B658
    P139,     B123
    P140,     B462
    P141,     B298
    P142,     B396
    P143,     B117
    P144,     B739
    P145,     B184
    P146,     B469
    P147,     B336
    P148,       B6
    P149,     B425
    P150,     B122
    P151,      B28
    P152,      B26
    P153,     B144
    P154,      B72
    P155,     B492
    P156,     B391
    P157,     B758
    P158,     B711
    P159,     B765
    P160,     B177
    P161,     B345
    P162,     B190
    P163,     B461
    P164,     B470
    P165,     B597
    P166,     B544
    P167,     B186
    P168,     B307
    P169,     B397
    P170,       B7
    P171,     B151
    P172,     B329
    P173,      B81
    P174,     B564
    P175,     B206
    P176,      B89
    P177,     B146
    P178,     B176
    P179,     B439
    P180,     B398
    P181,     B486
    P182,     B230
    P183,     B497
    P184,     B292
    P185,     B695
    P186,     B749
    P187,     B558
    P188,     B344
    P189,     B411
    P190,     B453
    P191,      B27
    P192,     B324
    P193,     B384
    P194,     B134
    P195,      B75
    P196,     B621
    P197,     B284
    P198,     B401
    P199,     B727
    P200,     B471
    P201,     B222
    P202,     B768
    P203,     B295
    P204,       B8
    P205,     B530
    P206,      B93
    P207,     B215
    P208,     B626
    P209,     B520
    P210,       B9
    P211,     B361
    P212,     B323
    P213,      B52
    P214,     B454
    P215,     B448
    P216,      B71
    P217,     B218
    P218,     B279
    P219,     B716
    P220,      B73
    P221,     B593
    P222,     B161
    P223,     B463
    P224,     B300
    P225,     B357
    P226,     B573
    P227,     B303
    P228,      B97
    P229,      B98
    P230,      B79
    P231,     B627
    P232,     B501
    P233,     B740
    P234,     B512
    P235,      B22
    P236,     B493
    P237,     B595
    P238,     B552
    P239,     B359
    P240,     B294
    P241,     B487
    P242,     B623
    P243,     B213
    P244,     B385
    P245,     B374
    P246,     B754
    P247,     B618
    P248,     B721
    P249,     B647
    P250,     B227
    P251,     B722
    P252,     B358
    P253,     B198
    P254,     B630
    P255,     B525
    P256,     B731
    P257,     B452
    P258,     B642
    P259,      B55
    P260,     B271
    P261,     B755
    P262,     B112
    P263,     B322
    P264,      B31
    P265,      B64
    P266,     B688
    P267,     B770
    P268,     B502
    P269,     B103
    P270,     B228
    P271,     B175
    P272,     B531
    P273,     B515
    P274,     B337
    P275,     B421
    P276,      B99
    P277,     B409
    P278,     B738
    P279,     B591
    P280,      B68
    P281,     B407
    P282,     B560
    P283,     B204
    P284,     B693
    P285,     B366
    P286,     B540
    P287,     B330
    P288,     B761
    P289,     B614
    P290,     B455
    P291,     B121
    P292,     B126
    P293,      B11
    P294,     B460
    P295,     B683
    P296,     B147
    P297,     B399
    P298,     B363
    P299,     B328
    P300,     B557
    P301,     B715
    P302,     B542
    P303,     B354
    P304,     B137
    P305,     B265
    P306,     B578
    P307,     B498
    P308,     B585
    P309,     B637
    P310,     B181
    P311,     B472
    P312,     B326
    P313,     B528
    P314,     B762
    P315,     B496
    P316,      B12
    P317,      B53
    P318,     B543
    P319,     B660
    P320,     B500
    P321,     B650
    P322,      B13
    P323,     B742
    P324,     B554
    P325,     B473
    P326,     B709
    P327,     B710
    P328,      B94
    P329,     B641
    P330,     B589
    P331,     B156
    P332,     B571
    P333,     B456
    P334,     B140
    P335,     B602
    P336,     B111
    P337,     B474
    P338,     B347
    P339,     B205
    P340,     B440
    P341,     B355
    P342,     B180
    P343,     B753
    P344,      B60
    P345,      B18
    P346,     B356
    P347,     B648
    P348,     B494
    P349,     B568
    P350,     B372
    P351,     B514
    P352,     B259
    P353,     B201
    P354,     B408
    P355,      B16
    P356,      B54
    P357,     B575
    P358,     B129
    P359,     B579
    P360,     B608
    P361,     B334
    P362,     B526
    P363,     B596
    P364,     B659
    P365,     B116
    P366,     B135
    P367,     B276
    P368,     B369
    P369,     B225
    P370,      B15
    P371,     B444
    P372,     B743
    P373,     B277
    P374,     B406
    P375,     B304
    P376,     B580
    P377,     B656
    P378,     B221
    P379,     B508
    P380,     B351
    P381,     B388
    P382,     B691
    P383,      B63
    P384,     B638
    P385,     B224
    P386,     B509
    P387,     B617
    P388,     B503
    P389,     B318
    P390,     B632
    P391,      B58
    P392,     B499
    P393,     B305
    P394,     B410
    P395,     B629
    P396,     B609
    P397,     B491
    P398,     B216
    P399,     B182
    P400,     B368
    P401,     B404
    P402,     B212
    P403,     B744
    P404,      B88
    P405,     B646
    P406,     B288
    P407,     B287
    P408,     B254
    P409,      B61
    P410,     B367
    P411,     B127
    P412,     B340
    P413,     B226
    P414,     B707
    P415,     B719
    P416,      B21
    P417,     B510
    P418,     B717
    P419,     B266
    P420,      B82
    P421,     B195
    P422,     B143
    P423,     B522
    P424,     B278
    P425,     B281
    P426,     B619
    P427,     B402
    P428,     B620
    P429,     B495
    P430,     B327
    P431,     B651
    P432,     B260
    P433,     B685
    P434,     B728
    P435,     B395
    P436,     B521
    P437,     B750
    P438,     B570
    P439,     B582
    P440,     B665
    P441,     B713
    P442,     B584
    P443,     B763
    P444,     B232
    P445,     B475
    P446,     B529
    P447,     B270
    P448,     B302
    P449,     B136
    P450,     B745
    P451,     B285
    P452,     B364
    P453,     B690
    P454,     B142
    P455,     B746
    P456,     B120
    P457,      B20
    P458,     B275
    P459,     B289
    P460,     B725
    P461,     B676
    P462,     B569
    P463,     B343
    P464,     B394
    P465,     B197
    P466,     B644
    P467,     B297
    P468,     B220
    P469,     B490
    P470,     B107
    P471,     B261
    P472,     B718
    P473,      B69
    P474,     B109
    P475,     B405
    P476,     B203
    P477,     B339
    P478,     B189
    P479,     B249
    P480,     B200
    P481,     B193
    P482,     B476
    P483,     B262
    P484,     B290
    P485,     B577
    P486,     B149
    P487,     B102
    P488,     B653
    P489,      B10
    P490,     B607
    P491,     B114
    P492,     B420
    P493,     B636
    P494,     B247
    P495,     B572
    P496,     B477
    P497,     B310
    P498,     B771
    P499,     B319
    P500,     B353
    P501,     B478
    P502,     B244
    P503,     B643
    P504,     B458
    P505,     B449
    P506,     B386
    P507,     B772
    P508,     B759
    P509,     B640
    P510,     B370
    P511,     B335
    P512,     B412
    P513,      B50
    P514,      B92
    P515,     B764
    P516,     B119
    P517,     B733
    P518,     B519
    P519,     B689
    P520,      B67
    P521,     B219
    P522,     B600
    P523,      B17
    P524,     B100
    P525,     B283
    P526,     B125
    P527,     B115
    P528,     B534
    P529,      B56
    P530,     B736
    P531,     B506
    P532,      B44
    P533,     B699
    P534,     B187
    P535,     B365
    P536,     B443
    P537,     B105
    P538,     B392
    P539,     B172
    P540,     B171
    P541,     B726
    P542,     B628
    P543,     B422
    P544,     B513
    P545,     B684
    P546,     B118
    P547,     B350
    P548,     B113
    P549,      B95
    P550,      B96
    P551,     B382
    P552,     B173
    P553,     B179
    P554,     B274
    P555,     B479
    P556,     B670
    P557,     B702
    P558,     B565
    P559,     B413
    P560,     B720
    P561,     B139
    P562,      B90
    P563,     B631
    P564,     B504
    P565,     B400
    P566,     B280
    P567,     B217
    P568,     B701
    P569,     B346
    P570,     B301
    P571,     B612
    P572,     B645
